fiscal_year,funding_scope,program,agency,allocation_usd,q1_usd,q2_usd,q3_usd,q4_usd,reported_ytd_usd,source_url,source_page,transcription_method
2023-24,ongoing,Coordinated Entry System,LAHSA,14083000,2421134.92,3163579.71,3337852.98,3278099.60,12200667.21,https://file.lacounty.gov/SDSInter/lac/1187357_MeasureHExpenditureLog-FY23-24-COAB.pdf,1,manual_visual_and_text_verification
2023-24,ongoing,Problem Solving,LAHSA,598000,103633,95556.06,88486.23,140969.35,428644.64,https://file.lacounty.gov/SDSInter/lac/1187357_MeasureHExpenditureLog-FY23-24-COAB.pdf,1,manual_visual_and_text_verification
2023-24,ongoing,Targeted Prevention,DCFS,800000,69358.74,222496.24,271518.87,150902.90,714276.75,https://file.lacounty.gov/SDSInter/lac/1187357_MeasureHExpenditureLog-FY23-24-COAB.pdf,1,manual_visual_and_text_verification
2023-24,ongoing,Targeted Prevention,LAHSA,19534000,2417647.78,5119653.48,3709292.78,7107657.11,18354251.15,https://file.lacounty.gov/SDSInter/lac/1187357_MeasureHExpenditureLog-FY23-24-COAB.pdf,1,manual_visual_and_text_verification
2023-24,ongoing,Coordinated Outreach,DHS,26050000,5333935.57,4824996.35,4849791.15,5435679.32,20444402.39,https://file.lacounty.gov/SDSInter/lac/1187357_MeasureHExpenditureLog-FY23-24-COAB.pdf,1,manual_visual_and_text_verification
2023-24,ongoing,Coordinated Outreach,DPH,975000,193451.39,215960.81,209385.63,356146.37,974944.20,https://file.lacounty.gov/SDSInter/lac/1187357_MeasureHExpenditureLog-FY23-24-COAB.pdf,1,manual_visual_and_text_verification
2023-24,ongoing,Coordinated Outreach,LAHSA,10437000,2564728.01,2379649.90,2339268.65,2252193.27,9535839.83,https://file.lacounty.gov/SDSInter/lac/1187357_MeasureHExpenditureLog-FY23-24-COAB.pdf,1,manual_visual_and_text_verification
2023-24,ongoing,Jail-In Reach,DHS,2086000,433417.92,459485.08,440849.84,417587.37,1751340.21,https://file.lacounty.gov/SDSInter/lac/1187357_MeasureHExpenditureLog-FY23-24-COAB.pdf,1,manual_visual_and_text_verification
2023-24,ongoing,Jail-In Reach,LASD,521000,130051.20,134509.86,123226.27,79964.92,467752.25,https://file.lacounty.gov/SDSInter/lac/1187357_MeasureHExpenditureLog-FY23-24-COAB.pdf,1,manual_visual_and_text_verification
2023-24,ongoing,Navigation,LAHSA,17744000,2085277.76,3629346.14,3404526.32,2901627.10,12020777.32,https://file.lacounty.gov/SDSInter/lac/1187357_MeasureHExpenditureLog-FY23-24-COAB.pdf,1,manual_visual_and_text_verification
2023-24,ongoing,Housing Acquisition,LAHSA,17559000,2396391.45,3783253.14,3658117.17,1357295.67,11195057.43,https://file.lacounty.gov/SDSInter/lac/1187357_MeasureHExpenditureLog-FY23-24-COAB.pdf,1,manual_visual_and_text_verification
2023-24,ongoing,Interim Housing,CEO,6021000,0,20369,15522,441419.66,477310.66,https://file.lacounty.gov/SDSInter/lac/1187357_MeasureHExpenditureLog-FY23-24-COAB.pdf,1,manual_visual_and_text_verification
2023-24,ongoing,Interim Housing,DHS,57329000,8361026.18,10311833.84,10207298.58,12545341.47,41425500.07,https://file.lacounty.gov/SDSInter/lac/1187357_MeasureHExpenditureLog-FY23-24-COAB.pdf,1,manual_visual_and_text_verification
2023-24,ongoing,Interim Housing,DMH,226000,44599.76,36715.50,44186.99,44621.86,170124.11,https://file.lacounty.gov/SDSInter/lac/1187357_MeasureHExpenditureLog-FY23-24-COAB.pdf,1,manual_visual_and_text_verification
2023-24,ongoing,Interim Housing,DPH,11110000,3330772.99,3939120.55,3528524.10,213653.76,11012071.40,https://file.lacounty.gov/SDSInter/lac/1187357_MeasureHExpenditureLog-FY23-24-COAB.pdf,1,manual_visual_and_text_verification
2023-24,ongoing,Interim Housing,LAHSA,72611000,13046914.79,21418276.83,16647805.19,17288307.64,68401304.45,https://file.lacounty.gov/SDSInter/lac/1187357_MeasureHExpenditureLog-FY23-24-COAB.pdf,1,manual_visual_and_text_verification
2023-24,ongoing,Permanent Supportive Housing,DHS,98181000,1705645.40,2123694.81,26872171.55,33083310.66,63784822.42,https://file.lacounty.gov/SDSInter/lac/1187357_MeasureHExpenditureLog-FY23-24-COAB.pdf,1,manual_visual_and_text_verification
2023-24,ongoing,Permanent Supportive Housing,DMH,15838000,1039609.38,1280165.14,2050236.22,2279895.36,6649906.10,https://file.lacounty.gov/SDSInter/lac/1187357_MeasureHExpenditureLog-FY23-24-COAB.pdf,1,manual_visual_and_text_verification
2023-24,ongoing,Permanent Supportive Housing,DPH,3053000,451222.01,460302.32,504159.06,535468.33,1951151.72,https://file.lacounty.gov/SDSInter/lac/1187357_MeasureHExpenditureLog-FY23-24-COAB.pdf,1,manual_visual_and_text_verification
2023-24,ongoing,Time-Limited Subsidies,DPSS,4820000,1426488,1532995,1357773,502744,4820000,https://file.lacounty.gov/SDSInter/lac/1187357_MeasureHExpenditureLog-FY23-24-COAB.pdf,1,manual_visual_and_text_verification
2023-24,ongoing,Time-Limited Subsidies,LAHSA,57340000,10237579.61,15393350.51,15217895.48,13754133.51,54602959.11,https://file.lacounty.gov/SDSInter/lac/1187357_MeasureHExpenditureLog-FY23-24-COAB.pdf,1,manual_visual_and_text_verification
2023-24,ongoing,Transitional Housing for Special Population,LACDA,13852000,1534457.35,2527752.17,2060185.61,7214524.17,13336919.30,https://file.lacounty.gov/SDSInter/lac/1187357_MeasureHExpenditureLog-FY23-24-COAB.pdf,1,manual_visual_and_text_verification
2023-24,ongoing,Transitional Housing for Special Population,LAHSA,9979000,2258054.05,2027083.04,1693954.59,2000946.16,7980037.84,https://file.lacounty.gov/SDSInter/lac/1187357_MeasureHExpenditureLog-FY23-24-COAB.pdf,1,manual_visual_and_text_verification
2023-24,ongoing,Benefits Advocacy,DMH,1513000,149225.66,203582.59,178772.10,222099.40,753679.75,https://file.lacounty.gov/SDSInter/lac/1187357_MeasureHExpenditureLog-FY23-24-COAB.pdf,2,manual_visual_and_text_verification
2023-24,ongoing,Benefits Advocacy,DPSS,5001000,1237404.21,1268024.87,1264485.50,536835.47,4306750.05,https://file.lacounty.gov/SDSInter/lac/1187357_MeasureHExpenditureLog-FY23-24-COAB.pdf,2,manual_visual_and_text_verification
2023-24,ongoing,Critical Documents & Background Clearing,PD,3265000,478207.98,416010.51,415928.78,1407783.81,2717931.08,https://file.lacounty.gov/SDSInter/lac/1187357_MeasureHExpenditureLog-FY23-24-COAB.pdf,2,manual_visual_and_text_verification
2023-24,ongoing,Employment & Income Support,DEO,7121000,749846.83,1606566.65,1554429.04,3172041.48,7082884,https://file.lacounty.gov/SDSInter/lac/1187357_MeasureHExpenditureLog-FY23-24-COAB.pdf,2,manual_visual_and_text_verification
2023-24,ongoing,Employment & Income Support,LAHSA,3330000,206506.16,509229.17,775624.97,734599.70,2225960,https://file.lacounty.gov/SDSInter/lac/1187357_MeasureHExpenditureLog-FY23-24-COAB.pdf,2,manual_visual_and_text_verification
2023-24,ongoing,Legal & Financial Services,LAHSA,3573000,149800.56,1090513.89,1228904.76,1103780.79,3573000,https://file.lacounty.gov/SDSInter/lac/1187357_MeasureHExpenditureLog-FY23-24-COAB.pdf,2,manual_visual_and_text_verification
2023-24,ongoing,Cities & Councils of Government,CEO,20500000,0,218427.50,958305.39,3560715.80,4737448.69,https://file.lacounty.gov/SDSInter/lac/1187357_MeasureHExpenditureLog-FY23-24-COAB.pdf,2,manual_visual_and_text_verification
2023-24,ongoing,Continuum of Cares,CEO,6440000,0,0,0,1836280.81,1836280.81,https://file.lacounty.gov/SDSInter/lac/1187357_MeasureHExpenditureLog-FY23-24-COAB.pdf,2,manual_visual_and_text_verification
2023-24,ongoing,Administration /Audit,CEO,16442000,1837306.91,2542467.72,2768457.18,3410448.97,10558680.78,https://file.lacounty.gov/SDSInter/lac/1187357_MeasureHExpenditureLog-FY23-24-COAB.pdf,2,manual_visual_and_text_verification
2024-25,ongoing,Coordinated Entry System,LAHSA,15294939,1853521,3019824,3883969,5394910,14152224,https://file.lacounty.gov/SDSInter/lac/1195430_MeasureHExpenditureLog-FY24-25-COAB.pdf,1,manual_visual_and_text_verification
2024-25,ongoing,Coordinated Entry System,DMH,603000,1293,41861,56137,67498,166789,https://file.lacounty.gov/SDSInter/lac/1195430_MeasureHExpenditureLog-FY24-25-COAB.pdf,1,manual_visual_and_text_verification
2024-25,ongoing,Coordinated Entry System,MVA,250000,40770,57191,57404,58145,213510,https://file.lacounty.gov/SDSInter/lac/1195430_MeasureHExpenditureLog-FY24-25-COAB.pdf,1,manual_visual_and_text_verification
2024-25,ongoing,Problem Solving,LAHSA,787676,184414,127026,165410,302363,779213,https://file.lacounty.gov/SDSInter/lac/1195430_MeasureHExpenditureLog-FY24-25-COAB.pdf,1,manual_visual_and_text_verification
2024-25,ongoing,Targeted Prevention,DCFS,800000,20855,235748,278340,223424,758367,https://file.lacounty.gov/SDSInter/lac/1195430_MeasureHExpenditureLog-FY24-25-COAB.pdf,1,manual_visual_and_text_verification
2024-25,ongoing,Targeted Prevention,DHS,504000,0,11228,85810,95276,192314,https://file.lacounty.gov/SDSInter/lac/1195430_MeasureHExpenditureLog-FY24-25-COAB.pdf,1,manual_visual_and_text_verification
2024-25,ongoing,Targeted Prevention,LAHSA,16485452,2692942,3422159,4916801,5202876,16234778,https://file.lacounty.gov/SDSInter/lac/1195430_MeasureHExpenditureLog-FY24-25-COAB.pdf,1,manual_visual_and_text_verification
2024-25,ongoing,Coordinated Outreach,DHS,31270000,6360341,6243972,6227903,8889771,27721987,https://file.lacounty.gov/SDSInter/lac/1195430_MeasureHExpenditureLog-FY24-25-COAB.pdf,1,manual_visual_and_text_verification
2024-25,ongoing,Coordinated Outreach,DPH,2804000,406454,541166,977441,839319,2764380,https://file.lacounty.gov/SDSInter/lac/1195430_MeasureHExpenditureLog-FY24-25-COAB.pdf,1,manual_visual_and_text_verification
2024-25,ongoing,Coordinated Outreach,CEO (E&E),575000,0,6390,450,117988,124828,https://file.lacounty.gov/SDSInter/lac/1195430_MeasureHExpenditureLog-FY24-25-COAB.pdf,1,manual_visual_and_text_verification
2024-25,ongoing,Coordinated Outreach,MVA,153000,24746,26736,27219,28698,107399,https://file.lacounty.gov/SDSInter/lac/1195430_MeasureHExpenditureLog-FY24-25-COAB.pdf,1,manual_visual_and_text_verification
2024-25,ongoing,Coordinated Outreach,LAHSA,11433496,2166579,3560632,2548268,2509178,10784657,https://file.lacounty.gov/SDSInter/lac/1195430_MeasureHExpenditureLog-FY24-25-COAB.pdf,1,manual_visual_and_text_verification
2024-25,ongoing,Jail-In Reach,DHS,2320000,462665,380051,288396,215310,1346422,https://file.lacounty.gov/SDSInter/lac/1195430_MeasureHExpenditureLog-FY24-25-COAB.pdf,1,manual_visual_and_text_verification
2024-25,ongoing,Jail-In Reach,LASD,546000,125904,137035,137035,137035,537009,https://file.lacounty.gov/SDSInter/lac/1195430_MeasureHExpenditureLog-FY24-25-COAB.pdf,1,manual_visual_and_text_verification
2024-25,ongoing,Access Centers,LAHSA,1760461,399172,435182,529465,376596,1740415,https://file.lacounty.gov/SDSInter/lac/1195430_MeasureHExpenditureLog-FY24-25-COAB.pdf,1,manual_visual_and_text_verification
2024-25,ongoing,Access Centers,MVA,153000,29516,32202,32302,33632,127652,https://file.lacounty.gov/SDSInter/lac/1195430_MeasureHExpenditureLog-FY24-25-COAB.pdf,1,manual_visual_and_text_verification
2024-25,ongoing,Navigation,LAHSA,15533695,2444145,4033850,3938161,4383145,14799301,https://file.lacounty.gov/SDSInter/lac/1195430_MeasureHExpenditureLog-FY24-25-COAB.pdf,1,manual_visual_and_text_verification
2024-25,ongoing,Housing Acquisition,LAHSA,28553355,4758508,5745180,7148466,7338821,24990975,https://file.lacounty.gov/SDSInter/lac/1195430_MeasureHExpenditureLog-FY24-25-COAB.pdf,2,manual_visual_and_text_verification
2024-25,ongoing,Housing Acquisition,LACDA,11043000,781021,2113426,2370099,3625889,8890435,https://file.lacounty.gov/SDSInter/lac/1195430_MeasureHExpenditureLog-FY24-25-COAB.pdf,2,manual_visual_and_text_verification
2024-25,ongoing,Interim Housing,CEO,5663000,293782,243433,1209560,1292757,3039531,https://file.lacounty.gov/SDSInter/lac/1195430_MeasureHExpenditureLog-FY24-25-COAB.pdf,2,manual_visual_and_text_verification
2024-25,ongoing,Interim Housing,DHS,82097000,19283190,19544777,20321772,20660889,79810628,https://file.lacounty.gov/SDSInter/lac/1195430_MeasureHExpenditureLog-FY24-25-COAB.pdf,2,manual_visual_and_text_verification
2024-25,ongoing,Interim Housing,DMH,221000,34635,28361,37076,39660,139732,https://file.lacounty.gov/SDSInter/lac/1195430_MeasureHExpenditureLog-FY24-25-COAB.pdf,2,manual_visual_and_text_verification
2024-25,ongoing,Interim Housing,DPH,12021000,4409683,4492451,2870340,239081,12011555,https://file.lacounty.gov/SDSInter/lac/1195430_MeasureHExpenditureLog-FY24-25-COAB.pdf,2,manual_visual_and_text_verification
2024-25,ongoing,Interim Housing,LAHSA,99997108,16272653,19339923,26530650,28673214,90816440,https://file.lacounty.gov/SDSInter/lac/1195430_MeasureHExpenditureLog-FY24-25-COAB.pdf,2,manual_visual_and_text_verification
2024-25,ongoing,Permanent Supportive Housing,DHS,101313000,16987006,12242737,12425396,28921139,70576278,https://file.lacounty.gov/SDSInter/lac/1195430_MeasureHExpenditureLog-FY24-25-COAB.pdf,2,manual_visual_and_text_verification
2024-25,ongoing,Permanent Supportive Housing,DMH,2569000,440926,331601,229786,456584,1458897,https://file.lacounty.gov/SDSInter/lac/1195430_MeasureHExpenditureLog-FY24-25-COAB.pdf,2,manual_visual_and_text_verification
2024-25,ongoing,Permanent Supportive Housing,DPH,3062000,564766,543599,514296,546124,2168785,https://file.lacounty.gov/SDSInter/lac/1195430_MeasureHExpenditureLog-FY24-25-COAB.pdf,2,manual_visual_and_text_verification
2024-25,ongoing,Time-Limited Subsidies,DPSS,10415000,1554959,1663603,1626539,1549907,6395008,https://file.lacounty.gov/SDSInter/lac/1195430_MeasureHExpenditureLog-FY24-25-COAB.pdf,2,manual_visual_and_text_verification
2024-25,ongoing,Time-Limited Subsidies,LAHSA,88513081,13349473,16559970,24533930,28270065,82713438,https://file.lacounty.gov/SDSInter/lac/1195430_MeasureHExpenditureLog-FY24-25-COAB.pdf,2,manual_visual_and_text_verification
2024-25,ongoing,Transitional Housing for Special Population,DPH,413000,85,16135,7800,31442,55462,https://file.lacounty.gov/SDSInter/lac/1195430_MeasureHExpenditureLog-FY24-25-COAB.pdf,2,manual_visual_and_text_verification
2024-25,ongoing,Transitional Housing for Special Population,LAHSA,10121136,2339944,2856382,2712236,2042471,9951033,https://file.lacounty.gov/SDSInter/lac/1195430_MeasureHExpenditureLog-FY24-25-COAB.pdf,2,manual_visual_and_text_verification
2024-25,ongoing,Benefits Advocacy,DMH,1513000,235586,210198,240186,278642,964612,https://file.lacounty.gov/SDSInter/lac/1195430_MeasureHExpenditureLog-FY24-25-COAB.pdf,2,manual_visual_and_text_verification
2024-25,ongoing,Benefits Advocacy,MVA,1353000,123054,129148,603422,368807,1224431,https://file.lacounty.gov/SDSInter/lac/1195430_MeasureHExpenditureLog-FY24-25-COAB.pdf,2,manual_visual_and_text_verification
2024-25,ongoing,Benefits Advocacy,DPSS,5500000,1744145,1266244,1231664,325902,4567955,https://file.lacounty.gov/SDSInter/lac/1195430_MeasureHExpenditureLog-FY24-25-COAB.pdf,2,manual_visual_and_text_verification
2024-25,ongoing,Critical Documents & Background Clearing,PD,3511000,476698,563656,847207,992406,2879967,https://file.lacounty.gov/SDSInter/lac/1195430_MeasureHExpenditureLog-FY24-25-COAB.pdf,2,manual_visual_and_text_verification
2024-25,ongoing,Employment & Income Support,DEO,9442000,555131,1558174,2326225,3430238,7869768,https://file.lacounty.gov/SDSInter/lac/1195430_MeasureHExpenditureLog-FY24-25-COAB.pdf,2,manual_visual_and_text_verification
2024-25,ongoing,Employment & Income Support,LAHSA,2332549,343092,681176,793789,447183,2265240,https://file.lacounty.gov/SDSInter/lac/1195430_MeasureHExpenditureLog-FY24-25-COAB.pdf,2,manual_visual_and_text_verification
2024-25,ongoing,Legal & Financial Services,LAHSA,3266052,381859,1081914,924540,692409,3080722,https://file.lacounty.gov/SDSInter/lac/1195430_MeasureHExpenditureLog-FY24-25-COAB.pdf,2,manual_visual_and_text_verification
2024-25,ongoing,Cities & Councils of Government,CEO,29549000,3199699,1083232,2488284,5031865,11803080,https://file.lacounty.gov/SDSInter/lac/1195430_MeasureHExpenditureLog-FY24-25-COAB.pdf,2,manual_visual_and_text_verification
2024-25,ongoing,Continuum of Cares,CEO,16271000,0,58280,150554,426093,634927,https://file.lacounty.gov/SDSInter/lac/1195430_MeasureHExpenditureLog-FY24-25-COAB.pdf,2,manual_visual_and_text_verification
2024-25,ongoing,Administration /Audit,CEO,21299000,3314252,3580957,3939424,6726533,17561166,https://file.lacounty.gov/SDSInter/lac/1195430_MeasureHExpenditureLog-FY24-25-COAB.pdf,2,manual_visual_and_text_verification