fiscal_year,funding_scope,strategy_code,agency,allocation_usd,q1_usd,q2_usd,q3_usd,q4_usd,reported_ytd_usd,source_url,source_page,transcription_method
2022-23,ongoing,A1,LAHSA,7839000,964174.02,928041.33,2119440.30,699324.41,4710980.06,https://homeless.lacounty.gov/wp-content/uploads/2023/11/Measure-H-Expenditure-Log-FY-22-23_COAB_V4.pdf,1,pdf_text_and_page_image_checked
2022-23,ongoing,A1,DCFS,500000,52519.46,96207.52,180595.78,159950.90,489273.66,https://homeless.lacounty.gov/wp-content/uploads/2023/11/Measure-H-Expenditure-Log-FY-22-23_COAB_V4.pdf,1,pdf_text_and_page_image_checked
2022-23,ongoing,A5,CEO,422350,0,0,0,0,0,https://homeless.lacounty.gov/wp-content/uploads/2023/11/Measure-H-Expenditure-Log-FY-22-23_COAB_V4.pdf,1,pdf_text_and_page_image_checked
2022-23,ongoing,A5,DCFS,300000,29710,68931.52,47807,90578.52,237027.04,https://homeless.lacounty.gov/wp-content/uploads/2023/11/Measure-H-Expenditure-Log-FY-22-23_COAB_V4.pdf,1,pdf_text_and_page_image_checked
2022-23,ongoing,A5,LAHSA,10424000,996729.08,2574103.27,2843046.25,824511.99,7238390.59,https://homeless.lacounty.gov/wp-content/uploads/2023/11/Measure-H-Expenditure-Log-FY-22-23_COAB_V4.pdf,1,pdf_text_and_page_image_checked
2022-23,ongoing,B1,DPSS /DHS,3620000,1038372.84,1088995,1233868,258764.16,3620000,https://homeless.lacounty.gov/wp-content/uploads/2023/11/Measure-H-Expenditure-Log-FY-22-23_COAB_V4.pdf,1,pdf_text_and_page_image_checked
2022-23,ongoing,B3,CEO,740000,0,0,0,0,0,https://homeless.lacounty.gov/wp-content/uploads/2023/11/Measure-H-Expenditure-Log-FY-22-23_COAB_V4.pdf,1,pdf_text_and_page_image_checked
2022-23,ongoing,B3,LAHSA,67971000,12995211.25,7600338.25,11751460.82,15773404.47,48120414.79,https://homeless.lacounty.gov/wp-content/uploads/2023/11/Measure-H-Expenditure-Log-FY-22-23_COAB_V4.pdf,1,pdf_text_and_page_image_checked
2022-23,ongoing,B4,LACDA,15268000,1061937.76,2334479.70,2656157.02,4397336.48,10449910.96,https://homeless.lacounty.gov/wp-content/uploads/2023/11/Measure-H-Expenditure-Log-FY-22-23_COAB_V4.pdf,1,pdf_text_and_page_image_checked
2022-23,ongoing,B7,LAHSA,4108000,366454.92,758196.50,1035199.02,1478974.47,3638824.91,https://homeless.lacounty.gov/wp-content/uploads/2023/11/Measure-H-Expenditure-Log-FY-22-23_COAB_V4.pdf,1,pdf_text_and_page_image_checked
2022-23,ongoing,B7,DHS,22531000,5625046.15,5656077.60,5561720.08,5614574.57,22457418.40,https://homeless.lacounty.gov/wp-content/uploads/2023/11/Measure-H-Expenditure-Log-FY-22-23_COAB_V4.pdf,1,pdf_text_and_page_image_checked
2022-23,ongoing,B7,DPH,10394000,2808858.40,2746047.73,2626037.62,2026284.94,10207228.69,https://homeless.lacounty.gov/wp-content/uploads/2023/11/Measure-H-Expenditure-Log-FY-22-23_COAB_V4.pdf,1,pdf_text_and_page_image_checked
2022-23,ongoing,B7,DMH,83000,16144.17,16504.03,20210.12,19559.47,72417.79,https://homeless.lacounty.gov/wp-content/uploads/2023/11/Measure-H-Expenditure-Log-FY-22-23_COAB_V4.pdf,1,pdf_text_and_page_image_checked
2022-23,ongoing,C4/C5/C6,DMH,1993000,160409,194857.66,212332.56,214188.45,781787.67,https://homeless.lacounty.gov/wp-content/uploads/2023/11/Measure-H-Expenditure-Log-FY-22-23_COAB_V4.pdf,1,pdf_text_and_page_image_checked
2022-23,ongoing,C4/C5/C6,DHS,1050000,0,0,0,0,0,https://homeless.lacounty.gov/wp-content/uploads/2023/11/Measure-H-Expenditure-Log-FY-22-23_COAB_V4.pdf,1,pdf_text_and_page_image_checked
2022-23,ongoing,C4/C5/C6,DPSS,5001000,931672.19,987118.26,1072773.55,1056764.80,4048328.80,https://homeless.lacounty.gov/wp-content/uploads/2023/11/Measure-H-Expenditure-Log-FY-22-23_COAB_V4.pdf,1,pdf_text_and_page_image_checked
2022-23,ongoing,C7,DEO,7100000,739090.14,1638222.01,1624447.13,1687371.24,5689130.52,https://homeless.lacounty.gov/wp-content/uploads/2023/11/Measure-H-Expenditure-Log-FY-22-23_COAB_V4.pdf,1,pdf_text_and_page_image_checked
2022-23,ongoing,D2,DHS,2091000,479050.27,415263.10,444375.81,430222.94,1768912.12,https://homeless.lacounty.gov/wp-content/uploads/2023/11/Measure-H-Expenditure-Log-FY-22-23_COAB_V4.pdf,1,pdf_text_and_page_image_checked
2022-23,ongoing,D2,SH,494000,120664.82,109652.32,127563.96,116793.39,474674.49,https://homeless.lacounty.gov/wp-content/uploads/2023/11/Measure-H-Expenditure-Log-FY-22-23_COAB_V4.pdf,1,pdf_text_and_page_image_checked
2022-23,ongoing,D6,PD,3098000,352392.99,379019.44,413510.25,1319349.64,2464272.32,https://homeless.lacounty.gov/wp-content/uploads/2023/11/Measure-H-Expenditure-Log-FY-22-23_COAB_V4.pdf,1,pdf_text_and_page_image_checked
2022-23,ongoing,D7,DHS,98181000,1381603.94,21653120.12,27998178.69,29539546.06,80572448.81,https://homeless.lacounty.gov/wp-content/uploads/2023/11/Measure-H-Expenditure-Log-FY-22-23_COAB_V4.pdf,1,pdf_text_and_page_image_checked
2022-23,ongoing,D7,DMH,13113500,1049605.93,819701.92,1666814.66,1077576.47,4613698.98,https://homeless.lacounty.gov/wp-content/uploads/2023/11/Measure-H-Expenditure-Log-FY-22-23_COAB_V4.pdf,1,pdf_text_and_page_image_checked
2022-23,ongoing,D7,DPH,2224000,429892.32,476960.97,487647.72,483665.98,1878166.99,https://homeless.lacounty.gov/wp-content/uploads/2023/11/Measure-H-Expenditure-Log-FY-22-23_COAB_V4.pdf,1,pdf_text_and_page_image_checked
2022-23,ongoing,E6,LAHSA,11572000,2021568.70,2665724.32,2710697.05,2119056.47,9517046.54,https://homeless.lacounty.gov/wp-content/uploads/2023/11/Measure-H-Expenditure-Log-FY-22-23_COAB_V4.pdf,1,pdf_text_and_page_image_checked
2022-23,ongoing,E6,CEO,1038944,0,0,0,0,0,https://homeless.lacounty.gov/wp-content/uploads/2023/11/Measure-H-Expenditure-Log-FY-22-23_COAB_V4.pdf,1,pdf_text_and_page_image_checked
2022-23,ongoing,E6,DHS,20733000,4117058.54,4125177.07,4375895.13,4296717.45,16914848.19,https://homeless.lacounty.gov/wp-content/uploads/2023/11/Measure-H-Expenditure-Log-FY-22-23_COAB_V4.pdf,1,pdf_text_and_page_image_checked
2022-23,ongoing,E6,DPH,756000,245873.98,228276.68,201966.01,79883.33,756000,https://homeless.lacounty.gov/wp-content/uploads/2023/11/Measure-H-Expenditure-Log-FY-22-23_COAB_V4.pdf,1,pdf_text_and_page_image_checked
2022-23,ongoing,E7,LAHSA,20222000,3072133.68,6664901.09,4032315.53,2127152.82,15896503.12,https://homeless.lacounty.gov/wp-content/uploads/2023/11/Measure-H-Expenditure-Log-FY-22-23_COAB_V4.pdf,1,pdf_text_and_page_image_checked
2022-23,ongoing,E7,CEO,20993853,62269,48744,509007.78,3395271.54,4015292.32,https://homeless.lacounty.gov/wp-content/uploads/2023/11/Measure-H-Expenditure-Log-FY-22-23_COAB_V4.pdf,1,pdf_text_and_page_image_checked
2022-23,ongoing,E8,LAHSA,60063000,7862974.60,12324248.61,16392365.81,11407591.43,47987180.45,https://homeless.lacounty.gov/wp-content/uploads/2023/11/Measure-H-Expenditure-Log-FY-22-23_COAB_V4.pdf,1,pdf_text_and_page_image_checked
2022-23,ongoing,E8,CEO,1680000,0,0,0,128200,128200,https://homeless.lacounty.gov/wp-content/uploads/2023/11/Measure-H-Expenditure-Log-FY-22-23_COAB_V4.pdf,1,pdf_text_and_page_image_checked
2022-23,ongoing,E8,DHS,42475000,5232158.07,1954106.56,6996937.49,14483499.53,28666701.65,https://homeless.lacounty.gov/wp-content/uploads/2023/11/Measure-H-Expenditure-Log-FY-22-23_COAB_V4.pdf,1,pdf_text_and_page_image_checked
2022-23,ongoing,E8,DMH,88500,21177.81,20929.54,21539.74,15662.58,79309.67,https://homeless.lacounty.gov/wp-content/uploads/2023/11/Measure-H-Expenditure-Log-FY-22-23_COAB_V4.pdf,1,pdf_text_and_page_image_checked
2022-23,ongoing,E8,DPH,668000,112371.91,144915.63,127209.54,125277.73,509774.81,https://homeless.lacounty.gov/wp-content/uploads/2023/11/Measure-H-Expenditure-Log-FY-22-23_COAB_V4.pdf,1,pdf_text_and_page_image_checked
2022-23,ongoing,E14,LAHSA,17459000,2001140.24,2544219.31,3153019.42,3817224.16,11515603.13,https://homeless.lacounty.gov/wp-content/uploads/2023/11/Measure-H-Expenditure-Log-FY-22-23_COAB_V4.pdf,1,pdf_text_and_page_image_checked
2022-23,ongoing,ADMIN/AUDIT,CEO,5688000,663566.67,956809.85,1115154.52,2049515.12,4785046.16,https://homeless.lacounty.gov/wp-content/uploads/2023/11/Measure-H-Expenditure-Log-FY-22-23_COAB_V4.pdf,1,pdf_text_and_page_image_checked